workflowId,tagId
7TWUffAdGfJzIkRk,tag1
7TWUffAdGfJzIkRk,tag2
7TWUffAdGfJzIkRk,tag3
9k4mpqtnDULUlqRc,tag1
9k4mpqtnDULUlqRc,tag2
9k4mpqtnDULUlqRc,tag3
BNuYvwRcNEutDIUa,tag1
BNuYvwRcNEutDIUa,tag2
BNuYvwRcNEutDIUa,tag3
BNuYvwRcNEutDIUa,tag4
fYt7IJen0aIvYo7t,tag1
fYt7IJen0aIvYo7t,tag2
fYt7IJen0aIvYo7t,tag3
fYt7IJen0aIvYo7t,tag4
I4GgzudjH6STl6q6,tag1
I4GgzudjH6STl6q6,tag2
I4GgzudjH6STl6q6,tag3
I4GgzudjH6STl6q6,tag4
i6RnhP6rCz2hpRVJ,tag1
i6RnhP6rCz2hpRVJ,tag2
i6RnhP6rCz2hpRVJ,tag3
j09Ej9fvEf6NCyr3,tag1
j09Ej9fvEf6NCyr3,tag2
j09Ej9fvEf6NCyr3,tag3
N9Zh12IDPG3cI7cM,tag1
N9Zh12IDPG3cI7cM,tag2
N9Zh12IDPG3cI7cM,tag3
R46okgPqTKUuvjuY,tag1
R46okgPqTKUuvjuY,tag2
R46okgPqTKUuvjuY,tag3
R46okgPqTKUuvjuY,tag4
V48C8mTC05ywXBcr,tag1
V48C8mTC05ywXBcr,tag2
V48C8mTC05ywXBcr,tag3
WfrjB80qiV7HKM8s,tag1
WfrjB80qiV7HKM8s,tag2
WfrjB80qiV7HKM8s,tag3
sU8WiDF4UnAQq9PC,tag1
sU8WiDF4UnAQq9PC,tag2
sU8WiDF4UnAQq9PC,tag3
sU8WiDF4UnAQq9PC,tag4
JWL1s21OQx2lOpBL,tag1
JWL1s21OQx2lOpBL,tag2
JWL1s21OQx2lOpBL,tag3
JWL1s21OQx2lOpBL,tag4
yNElfI1SZOWdSh1G,tag1
yNElfI1SZOWdSh1G,tag2
yNElfI1SZOWdSh1G,tag3
yNElfI1SZOWdSh1G,tag4
